{
  "AFRI": 4.60185960591133,
  "AMST": 4.554,
  "ANTH": 3.5211664553866893,
  "APMA": 5.468521446166887,
  "CSCI": 8.866164527154405,
  "ENGN": 4.954890671411202,
  "ARAB": 6.720664451827243,
  "JUDS": 3.33,
  "ARCH": 2.86,
  "CLAS": 4.112199720670391,
  "HIAA": 2.9475590551181097,
  "LITR": 3.7804869889027364,
  "TAPS": 3.268516121602948,
  "ENGL": 4.4769760325561165,
  "HISP": 2.3773647133489653,
  "MUSC": 2.4765851504382845,
  "BIOL": 3.0876208624504313,
  "CHEM": 6.6075904028166335,
  "NEUR": 3.77790891357198,
  "CHIN": 6.645774763172811,
  "COLT": 3.6938825757575757,
  "CLPS": 4.71193008605727,
  "ENVS": 4.214896960246039,
  "DATA": 2.8500000000000005,
  "ECON": 3.4725161151335766,
  "EEPS": 3.797954545454546,
  "PHP": 2.5639573930990847,
  "PHYS": 5.983438923943037,
  "SOC": 2.8127348185453926,
  "URBN": 3.88719696969697,
  "HIST": 4.711311311311312,
  "JAPN": 6.543940494460595,
  "POLS": 3.946965167356422,
  "EDUC": 1.4910280373831775,
  "MATH": 5.528083274733356,
  "FREN": 4.796967213114754,
  "GNSS": 3.9820000000000007,
  "GREK": 7.691908245995649,
  "HEBR": 4.4071428571428575,
  "HNDI": 4.206896551724138,
  "KREA": 2.4602272727272725,
  "LACA": 4.5,
  "LATN": 8.232081854678196,
  "MDVL": 3.1275,
  "MGRK": 2.8225887573964497,
  "PHIL": 3.1833528867792404,
  "POBS": 4.301844155844155,
  "PRSN": 5.067043010752688,
  "SANS": 6.875,
  "SIGN": 2.5121698943661976,
  "STS": 3.82,
  "TKSH": 2.0,
  "UNIV": 4.238478412256267
}