{"AFRI": 4.168717277486911, "AMST": 4.13, "ANTH": 4.29135576146555, "APMA": 5.4005255303013, "CSCI": 9.216462976590263, "EEPS": 4.230298507462686, "ENGN": 5.158497309039362, "ARAB": 6.720664451827243, "COLT": 5.5322000000000005, "ARCH": 3.606739811912225, "HIAA": 3.1998857598299657, "LITR": 3.3319336250064535, "POBS": 3.702905257199462, "TAPS": 3.1305540910647043, "VISA": 6.083665501301701, "CLAS": 3.3681973216846477, "CZCH": -1.0, "ENGL": 3.567547288565363, "GRMN": 5.910264180475224, "HISP": 2.2138364217110102, "HIST": 4.39920769320298, "ITAL": 3.428265688025062, "PHIL": 1.5435230397466877, "POLS": 4.130325630909888, "RUSS": 4.157464941105687, "BIOL": 3.2439412907367964, "CHEM": 6.583208250280449, "NEUR": 3.4262353628353623, "CHIN": 5.382758842443731, "CLPS": 3.9776502257496165, "COST": 3.1924035087719296, "ENVS": 4.387554900277456, "HMAN": 3.515703703703704, "DATA": 2.8500000000000005, "ECON": 3.4687070782826175, "GNSS": 2.35, "PHP": 2.5148652014132846, "PHYS": 5.416143704192926, "SOC": 3.331737744149721, "EDUC": 0.30040404040404045, "STS": 3.002083333333333, "URBN": 1.3935084033613447, "EGYT": 1.142409793814433, "FREN": 4.628937007874016, "GREK": 7.930545671998804, "HEBR": 4.4071428571428575, "HNDI": 4.206896551724138, "IAPA": 4.461639344262296, "JAPN": 5.521199601082776, "KREA": 2.4602272727272725, "LACA": 4.5, "MUSC": 2.5667994704249413, "LATN": 7.459869094891176, "MATH": 5.936733999132874, "MDVL": 3.1275, "MGRK": 2.668935236004391, "PLSH": 4.0, "PRSN": 5.591666666666666, "RELS": 3.6115723270440254, "SANS": 6.875, "SIGN": 2.512169894366197, "TKSH": 2.0, "UNIV": 4.238478412256267}