{"AFRI": 4.693232931726908, "ANTH": 4.3684085257548855, "ARCH": 2.9901109285127356, "APMA": 5.497760940741905, "CSCI": 8.603226725625824, "ENGN": 5.90804599279554, "PHYS": 5.702848570119231, "ARAB": 6.075429569944665, "COLT": 5.3513768500948755, "ASYR": 2.853095238095238, "HIAA": 3.279843339397615, "HMAN": 4.37125925925926, "LITR": 2.9031105509099855, "TAPS": 3.208978231392624, "VISA": 5.595796065341418, "BIOL": 4.063123177924456, "CHEM": 5.967753789513531, "CLPS": 3.5231736359095027, "GRMN": 4.735635909486529, "HISP": 1.8488908091300797, "HIST": 4.523355728919476, "LACA": 3.8, "MCM": 2.5500000000000003, "MGRK": 3.650236220472441, "POBS": 4.042268907563026, "POLS": 3.8493104761904755, "RUSS": 4.146844432882414, "SWED": 2.9166666666666665, "BEO": 4.67, "EEPS": 3.8226642335766425, "CHIN": 6.641210387029923, "CLAS": 2.0, "COST": 4.254444444444444, "ENVS": 4.011645006946721, "DATA": 9.54, "ECON": 4.080844108727499, "PHP": 3.815069028245347, "ENGL": 4.009118537781021, "SOC": 3.3982487247318307, "JAPN": 5.897873801026915, "EDUC": 2.396785714285714, "PLME": 3.8187499999999996, "GREK": 3.295558007279345, "MATH": 5.408591179969669, "SIGN": 2.6260749614073213, "EGYT": 3.335292517006803, "ETHN": 3.50536496350365, "FREN": 3.5267803030303027, "HEBR": 3.889777777777778, "ITAL": 4.757286316278451, "KREA": 1.9230769230769231, "LATN": 5.4269035912783234, "MUSC": 2.257383256249811, "NEUR": 4.825779040514493, "PHIL": 5.167872340425532, "PRSN": 4.981376146788991, "RELS": 4.563036036036036, "SANS": 5.779999999999999, "TKSH": 3.0849999999999995, "UNIV": 3.4966666666666666, "URBN": 3.4040643785146405}